﻿pos_x,pos_y,rotation,side,designator,mpn,pack,value,mount_type,place
107.95,-53.34,180.0,top,J1,,TerminalBlock_Altech_AK300-2_P5.00mm,Screw_Terminal_01x02,tht,True
47.19,-46.995,0.0,top,J2,,PinHeader_1x15_P2.54mm_Vertical,Conn_01x15_Female,tht,True
72.39,-46.995,0.0,top,J3,,PinHeader_1x15_P2.54mm_Vertical,Conn_01x15_Female,tht,True
117.545,-49.545,0.0,top,J4,,PinHeader_1x03_P2.54mm_Horizontal,Conn_01x03_Male,tht,True
117.545,-59.705,0.0,top,J5,,PinHeader_1x03_P2.54mm_Horizontal,Conn_01x03_Male,tht,True
117.545,-69.86,0.0,top,J6,,PinHeader_1x04_P2.54mm_Horizontal,Conn_01x04_Male,tht,True
89.535,-66.04,90.0,top,J7,,PinHeader_1x03_P2.54mm_Vertical,Conn_01x03_Male,tht,True
89.535,-71.12,90.0,top,J8,,PinHeader_1x03_P2.54mm_Vertical,Conn_01x03_Male,tht,True
80.899,-49.53,0.0,top,U1,,SMALL_ALIEXPRESS_BUCK,SMALL_ALIEXPRESS_BUCK,tht,True
106.68,-73.66,180.0,top,U2,,MODULE_TMC2209_SILENTSTEPSTICK,TMC2209_SILENTSTEPSTICK,tht,True
