﻿designator,quantity,value,pack,mpn,mount_type
J1,1,Screw_Terminal_01x02,TerminalBlock_Altech_AK300-2_P5.00mm,,tht
"J2, J3",2,Conn_01x15_Female,PinHeader_1x15_P2.54mm_Vertical,,tht
"J4, J5",2,Conn_01x03_Male,PinHeader_1x03_P2.54mm_Horizontal,,tht
J6,1,Conn_01x04_Male,PinHeader_1x04_P2.54mm_Horizontal,,tht
"J7, J8",2,Conn_01x03_Male,PinHeader_1x03_P2.54mm_Vertical,,tht
U1,1,SMALL_ALIEXPRESS_BUCK,SMALL_ALIEXPRESS_BUCK,,tht
U2,1,TMC2209_SILENTSTEPSTICK,MODULE_TMC2209_SILENTSTEPSTICK,,tht
